first_name,last_name,email,password,birthday
Melvin,Anderson,lewisstephanie@example.org,55w)I!^c!U,2001-09-20
Antonio,Bennett,cookgrace@example.org,e(6AfgvMCk,1997-11-09
Lacey,Huffman,gonzalezjoseph@example.net,+(5*Obfm2E,1979-01-31
Debra,Ortiz,gmills@example.org,$Y%mUc9^73,1985-06-24
Thomas,Navarro,kimkristen@example.com,*^WHkI@bL8,1991-05-18
Laura,Mckenzie,serranoheather@example.net,l!8@A*ky!e,1990-07-02
Norman,Taylor,danielowens@example.org,^7YKK%4dbl,2000-01-07
Nicholas,Spencer,karenfleming@example.org,A5v(6PBkap,1972-10-28
Diana,Mitchell,chad46@example.net,2xY4nXvJ%W,1966-02-19
Margaret,Chavez,charles72@example.org,&!u8Of*(Gh,1981-11-26
Amber,Berry,feliciajohnson@example.net,y_F5XpQu%r,1980-11-13
Travis,Montgomery,brandonhansen@example.com,39*YJfWH$A,1984-02-21
Tammy,Walker,melaniesanchez@example.net,FF*5JJIdVt,1968-07-26
Thomas,Cruz,rgraham@example.net,BxJ^95BzsU,1987-05-12
Joseph,Smith,erickelly@example.org,!3dR^EWzXV,2005-08-03
Brian,Baxter,alisonwilliams@example.net,kQ$9A+a$Ca,1981-08-06
Charles,Waters,ksmith@example.com,8S!_BBx#*9,2000-09-07
Grant,Obrien,richardsteven@example.org,+v81CX(s*1,1976-04-08
Stephanie,Baker,vanderson@example.net,MS@2EJnT#H,1988-05-31
Dawn,Lucas,charleswhite@example.org,te1SBtwgy+,1970-07-08
Melissa,Murphy,cynthia23@example.com,$E1mKVcwm5,1967-12-15
Melissa,Wade,carrollmaria@example.net,s&SMu9vX(2,2006-02-10
Michael,Ramirez,yrogers@example.net,C3VF#1vG#r,1992-03-11
Kimberly,Hunter,tammy65@example.org,!85ImIz&WL,1987-03-26
Alexis,Smith,joanne62@example.net,%7IYEz0j9V,1990-06-25
Matthew,Murphy,mcdonaldpaul@example.com,Q+5lXUD)sv,1975-07-24
Kimberly,Ryan,jenkinslisa@example.org,iZ+3tbUtGS,1986-11-08
Natalie,Jordan,nicolefranco@example.net,x+$4ZBh+Ud,1992-10-18
Michelle,Murphy,millerjennifer@example.net,jP6fD!yb%6,1972-08-21
Henry,Lucas,wolferik@example.com,F2UhkYbV%a,1978-07-01
Lauren,Young,gwilson@example.com,(FA0ChlnPG,1988-05-07
Andrew,Forbes,nicholascooper@example.net,%t)8BBywgh,1970-05-29
Jeffrey,Roth,btaylor@example.com,50C0IQuh%9,1981-05-12
Andrew,Leonard,ulewis@example.net,hU7Ttd7g_M,2002-04-22
Dominique,Bush,brandon15@example.org,01TaC6$y!X,1988-07-06
Marissa,Roach,kelleralicia@example.com,#i7FVzy(m%,1983-06-24
Ricardo,Morrison,wayne85@example.org,L+6BkH&f)2,1964-09-30
Eileen,Ware,dweeks@example.com,#s3h%UvkT1,1964-04-06
Louis,Schultz,taylor42@example.net,#r5)7jFl++,1984-04-10
Wendy,Smith,cameronbell@example.com,(cW5VSLm3S,1977-08-05
Jeffrey,Stevens,bbowman@example.net,2$CO8J+X7u,2000-03-26
Ryan,Smith,jmoses@example.com,h#$F_6zh!W,1983-04-02
Anthony,Douglas,pjohnson@example.com,hFmHQ8Ar%f,1983-04-19
Lawrence,Everett,beckercassie@example.org,^iL!46Owl(,1993-12-14
Lauren,Gilmore,idominguez@example.net,$3$nL2UDnz,1968-01-14
Angel,Baker,helen51@example.net,t#83YNznK),1986-06-02
Sydney,Lane,ojohnson@example.net,u03WWI@q$Z,1965-03-21
Betty,Jenkins,adriangarcia@example.com,&1LAnlVRvZ,1988-11-26
Sherry,Brown,nolanlauren@example.net,%daoD#44v3,1984-05-07
Dawn,Edwards,kenneth29@example.org,_^6XwACfp1,1983-09-03
Daniel,Perez,kim08@example.net,@YHw2^UqF9,1991-11-06
Brian,Owen,dawn22@example.net,vj4mN%Zm%b,1991-07-07
Kenneth,Chan,mroberts@example.org,L+^3CGaYl*,2006-01-20
Daniel,Morrow,richardsonmegan@example.org,^B0536TxPE,1973-10-13
Christopher,Edwards,wcole@example.net,7aL99axY#v,1994-05-27
Alicia,Davis,shane84@example.com,)WC436mq%!,2004-01-31
Ryan,Bartlett,whitebradley@example.com,_9KeGFqtMc,2006-04-17
Abigail,Morrison,davidmcdonald@example.com,&3DXJrL&0(,1994-08-03
Adam,Torres,mauriceknapp@example.org,_KHFmtrKU4,1983-07-04
Angela,Dunn,lawrenceanthony@example.org,$OK8LWx52!,1963-11-03
Lindsay,Shelton,davidbennett@example.com,utKNGR&b#2,1997-06-03
Jim,Bennett,veronica02@example.com,$&5M9$pgvE,1992-06-07
Juan,Houston,ykennedy@example.net,+2GN8WNfRh,2006-01-25
Andrew,Faulkner,amberhale@example.net,))V4Owooh4,1981-07-16
Cameron,Colon,heathersexton@example.org,)F1Hppn89%,1968-04-10
Anna,Fleming,richarddyer@example.com,viE8HCWSk&,1971-03-29
Erica,Garcia,michelledavidson@example.net,C2MNI&Rz^Y,1969-12-07
Cheryl,Howe,hoffmanjames@example.com,(0&QrgWLgp,1989-04-13
Brandon,Thompson,mcastaneda@example.com,^b6dYay%M),1969-05-15
Brian,Acevedo,denisemclean@example.org,*d6Pc9CMw%,1980-11-03
Christine,Hamilton,sterry@example.com,R7(A(CUy@%,1981-06-22
Paul,Kelly,jaredsantiago@example.org,)ZFvCjLb+5,1988-08-01
Rebecca,Gonzales,josephlee@example.com,^t#PUNy!!0,1988-01-15
Jesus,Nielsen,michael42@example.net,s&8!UJb0l(,1993-10-04
Michelle,Anderson,johnsmith@example.com,*p6a*@(p6R,1970-09-19
Stephanie,Smith,taylorscott@example.net,(7^sdRFl_8,2006-02-16
Elizabeth,Matthews,zfarmer@example.org,00iRIMQu@Q,1993-08-06
Christopher,Leonard,dbutler@example.com,xp^aL4nI#6,1970-05-13
Robert,Scott,michael31@example.com,n_Ag09M(xq,1994-03-18
George,Richard,yolandaswanson@example.com,j9XrZRvO%3,1985-10-04
Jacqueline,Rice,heather04@example.com,N1Toczak*7,2001-03-11
Sarah,Hawkins,joshua44@example.com,ZMETQ^ax%6,1985-01-15
Theresa,Young,gerickson@example.com,(0i2RGoRD8,2005-07-30
Dakota,Beck,travis17@example.com,@1sYzKb*Ga,1995-04-22
Lawrence,Smith,andreabailey@example.net,jX2z5#u#)(,1976-03-16
Teresa,Flowers,wmora@example.org,+!3Ex1SnuG,1987-08-28
Barbara,Burton,wwilliams@example.org,@6j*HBbua+,1963-12-04
Todd,Davenport,nancy62@example.org,AmY4jH7iJ*,1964-05-01
Jerome,Thompson,anne44@example.com,@MO+yzP%J2,1999-05-07
Dennis,Nelson,hendersonedward@example.net,%5PIXkUg$2,1999-06-28
Holly,Cooper,bhenderson@example.com,BEqg!9GjdT,2003-10-17
Lucas,Morales,ocalderon@example.com,5)38SPXqBA,1983-09-30
Veronica,Bonilla,ywilson@example.com,&g5rDlnB1H,1983-06-14
Michael,Roy,lblackwell@example.org,Qt32n4Ch7(,1991-05-12
Kimberly,Martinez,sarah17@example.org,#(2RuusSOo,1974-09-07
Eric,Bullock,hamiltonderek@example.com,&NgYpIte9),1977-08-02
Brenda,Matthews,valenciaterri@example.org,I$r4eCu*Hr,1983-12-31
William,Hernandez,michaeldouglas@example.com,u#e4DuLL1l,1964-03-08
James,Gonzales,hallkristen@example.net,y(7STtCFgc,1979-06-16
Angela,Meyer,vbrown@example.com,LI(@7iViGS,1988-05-08
